{
  "slug": "pat",
  "name": "pat",
  "version": "1.0.0",
  "license": "proprietary",
  "brand": "pat",
  "author": "Pat Caulfield",
  "authorEmail": "",
  "authorUrl": "instagram.com/mostly_patrick",
  "pluginUrl": "",
  "manualUrl": "",
  "sourceUrl": "",
  "donateUrl": "",
  "changelogUrl": "",
  "modules": [
    {
      "slug": "chance",
      "name": "chance",
      "description": "",
      "tags": []
    },
    {
      "slug": "renick",
      "name": "renick",
      "description": "",
      "tags": []
    },
    {
      "slug": "holdme",
      "name": "holdme",
      "description": "",
      "tags": []
    },
    {
      "slug": "polyamory",
      "name": "polyamory",
      "description": "",
      "tags": []
    }
  ]
}